<?xml version="1.0" encoding="UTF-8"?>
<project-private xmlns="http://www.netbeans.org/ns/project-private/1">
    <editor-bookmarks xmlns="http://www.netbeans.org/ns/editor-bookmarks/2" lastBookmarkId="0"/>
    <open-files xmlns="http://www.netbeans.org/ns/projectui-open-files/2">
        <group>
            <file>file:/home/xavi/Dropbox/Unidad%20externa.dbx-external-drive/2nAny/M6/UF1/M6UF1Examen/src/model/Biographies.java</file>
            <file>file:/home/xavi/Dropbox/Unidad%20externa.dbx-external-drive/2nAny/M6/UF1/M6UF1Examen/src/m6uf1examen/Ex5.java</file>
            <file>file:/home/xavi/Dropbox/Unidad%20externa.dbx-external-drive/2nAny/M6/UF1/M6UF1Examen/src/model/Biography.java</file>
            <file>file:/home/xavi/Dropbox/Unidad%20externa.dbx-external-drive/2nAny/M6/UF1/M6UF1Examen/src/resources/x.xml</file>
            <file>file:/home/xavi/Dropbox/Unidad%20externa.dbx-external-drive/2nAny/M6/UF1/M6UF1Examen/src/model/Arraylist.java</file>
            <file>file:/home/xavi/Dropbox/Unidad%20externa.dbx-external-drive/2nAny/M6/UF1/M6UF1Examen/src/resources/x.json</file>
            <file>file:/home/xavi/Dropbox/Unidad%20externa.dbx-external-drive/2nAny/M6/UF1/M6UF1Examen/src/m6uf1examen/Ex1.java</file>
            <file>file:/home/xavi/Dropbox/Unidad%20externa.dbx-external-drive/2nAny/M6/UF1/M6UF1Examen/src/model/Awards.java</file>
            <file>file:/home/xavi/Dropbox/Unidad%20externa.dbx-external-drive/2nAny/M6/UF1/M6UF1Examen/src/m6uf1examen/Ex4.java</file>
            <file>file:/home/xavi/Dropbox/Unidad%20externa.dbx-external-drive/2nAny/M6/UF1/M6UF1Examen/src/model/Contribs.java</file>
            <file>file:/home/xavi/Dropbox/Unidad%20externa.dbx-external-drive/2nAny/M6/UF1/M6UF1Examen/src/m6uf1examen/Ex3.java</file>
            <file>file:/home/xavi/Dropbox/Unidad%20externa.dbx-external-drive/2nAny/M6/UF1/M6UF1Examen/src/m6uf1examen/Ex2.java</file>
        </group>
    </open-files>
</project-private>
