{
	"biographies" : {
		"biography" : [ {
			"@firstname" : "John",
			"@id" : "1",
			"@lastname" : "Backus",
			"birthYear" : 1924,
			"deathYear" : 2007,
			"contribs" : [ "Fortran", "ALGOL", "Backus-Naur Form", "FP" ],
			"awards" : [ {
				"award" : "W.W. McDowell Award",
				"year" : 1967,
				"by" : "IEEE Computer Society"
			}, {
				"award" : "National Medal of Science",
				"year" : 1975,
				"by" : "National Science Foundation"
			}, {
				"award" : "Turing Award",
				"year" : 1977,
				"by" : "ACM"
			}, {
				"award" : "Draper Prize",
				"year" : 1993,
				"by" : "National Academy of Engineering"
			} ]
		}, {
			"@firstname" : "Grace",
			"@id" : "3",
			"@lastname" : "Hopper",
			"birthYear" : 1915,
			"deathYear" : 1992,
			"contribs" : [ "UNIVAC", "compiler", "FLOW-MATIC", "COBOL" ],
			"awards" : [ {
				"award" : "Computer Sciences Man of the Year",
				"year" : 1969,
				"by" : "Data Processing Management Association"
			}, {
				"award" : "Distinguished Fellow",
				"year" : 1973,
				"by" : " British Computer Society"
			}, {
				"award" : "W. W. McDowell Award",
				"year" : 1976,
				"by" : "IEEE Computer Society"
			}, {
				"award" : "National Medal of Technology",
				"year" : 1991,
				"by" : "United States"
			} ]
		}, {
			"@firstname" : "Yukihiro",
			"@id" : "8",
			"@lastname" : "Matsumoto",
			"birthYear" : 1941,
			"contribs" : [ "Ruby", "streem" ],
			"awards" : [ {
				"award" : "Award for the Advancement of Free Software",
				"year" : 2011,
				"by" : "Free Software Foundation"
			}, {
				"award" : "Award for the Advancement of Free Software",
				"year" : 2011,
				"by" : "Free Software Foundation"
			} ]
		}, {
			"@firstname" : "James",
			"@id" : "9",
			"@lastname" : "Gosling",
			"birthYear" : 1965,
			"contribs" : [ "Java", "Emacs" ],
			"awards" : [ {
				"award" : "The Economist Innovation Award",
				"year" : 2002,
				"by" : "The Economist"
			}, {
				"award" : "Officer of the Order of Canada",
				"year" : 2007,
				"by" : "Canada"
			} ]
		}, {
			"@firstname" : "Martin",
			"@id" : "10",
			"@lastname" : "Odersky",
			"contribs" : [ "Scala", "Generics in Java" ]
		} ]
	}
}