{
  "movies": {
    "movie": [
      {
        "@id": "0499549",
        "name": "Avatar",
        "year": "2009",
        "rating": "PG-13",
        "runtime": "162",
        "genre": "AVYS",
        "actors": [
          {
            "@id": "0941777",
            "@name": "Sam Worthington"
          },
          {
            "@id": "0757855",
            "@name": "Zoe Saldana"
          },
          {
            "@id": "0000244",
            "@name": "Sigourney Weaver"
          },
          {
            "@id": "0002332",
            "@name": "Stephen Lang"
          },
          {
            "@id": "0735442",
            "@name": "Michelle Rodriguez"
          }
        ],
        "director": {
          "@id": "0000116",
          "@name": "James Cameron"
        }
      },
      {
        "@id": "1049413",
        "name": "Up",
        "year": "2009",
        "rating": "PG",
        "runtime": "96",
        "genre": "AVNCF",
        "actors": [
          {
            "@id": "0000799",
            "@name": "Edward Asner"
          },
          {
            "@id": "0001626",
            "@name": "Christopher Plummer"
          },
          {
            "@id": "2973712",
            "@name": "Jordan Nagai"
          },
          {
            "@id": "0677037",
            "@name": "Bob Peterson"
          },
          {
            "@id": "0005148",
            "@name": "Delroy Lindo"
          }
        ],
        "director": 
          {
            "@id": "0230032",
            "@name": "Pete Docter"
          }
      },
      {
        "@id": "0120915",
        "name": "Star Wars: Episode I - The Phantom Menace",
        "year": "1999",
        "rating": "PG",
        "runtime": "133",
        "genre": "AVS",
        "actors": [
          {
            "@id": "0000553",
            "@name": "Liam Neeson"
          },
          {
            "@id": "0000191",
            "@name": "Ewan McGregor"
          },
          {
            "@id": "0000204",
            "@name": "Natalie Portman"
          },
          {
            "@id": "0005157",
            "@name": "Jake Lloyd"
          },
          {
            "@id": "0000278",
            "@name": "Pernilla August"
          }
        ],
        "director": {
          "@id": "0000184",
          "@name": "George Lucas"
        }
      },
      {
        "@id": "0076759",
        "name": "Star Wars",
        "year": "1977",
        "rating": "PG",
        "runtime": "121",
        "genre": "AVYS",
        "actors": [
          {
            "@id": "0000434",
            "@name": "Mark Hamill"
          },
          {
            "@id": "0000148",
            "@name": "Harrison Ford"
          },
          {
            "@id": "0000402",
            "@name": "Carrie Fisher"
          },
          {
            "@id": "0001088",
            "@name": "Peter Cushing"
          },
          {
            "@id": "0000027",
            "@name": "Alec Guinness"
          }
        ],
        "director": {
          "@id": "0000184",
          "@name": "George Lucas"
        }
      }
    ]
  }
}
